<?xml version="1.0" encoding="UTF-8"?>
<hibernate-configuration>
    <session-factory>

        <!-- Database connection settings -->
        <property name="hibernate.connection.driver_class">com.mysql.cj.jdbc.Driver</property>
        <property name="hibernate.connection.url">jdbc:mysql://localhost:3306/hb_213_project</property>
        <property name="hibernate.connection.username">root</property>
        <property name="hibernate.connection.password">avikhandale@2004#</property>
        
        <property name="hibernate.dialect">org.hibernate.dialect.MySQL8Dialect</property>
        <property name="show_sql">true</property>
	 </session-factory>
</hibernate-configuration>